Runs,Average Time (seconds),Average Time (ms)
100,0.06310312032699585,63.10312032699584
