Feature,Importance
rainfall,0.2158325673845335
humidity,0.1957937142852478
K,0.1504266561284241
P,0.1214035345003208
npk_sum,0.10193594274458194
N,0.07923392814994779
temp_humidity_ratio,0.060056138374422814
temperature,0.04997598567471697
ph,0.025341532757804253
