Metric,Value
Accuracy,0.9527088549965855
Precision,0.9530900570200017
Recall,0.9527088549965855
F1 Score,0.9523833246756691
